RESERVATION_CODE,QR Image
MK26-MXUD3,https://api.qrserver.com/v1/create-qr-code/?size=500x500&data=https://ok26-wedding-os.vercel.app/reservations?code=MK26-MXUD3
MK26-6BGYM,https://api.qrserver.com/v1/create-qr-code/?size=500x500&data=https://ok26-wedding-os.vercel.app/reservations?code=MK26-6BGYM
MK26-8GXAD,https://api.qrserver.com/v1/create-qr-code/?size=500x500&data=https://ok26-wedding-os.vercel.app/reservations?code=MK26-8GXAD
MK26-NXCRH,https://api.qrserver.com/v1/create-qr-code/?size=500x500&data=https://ok26-wedding-os.vercel.app/reservations?code=MK26-NXCRH
MK26-SCXEH,https://api.qrserver.com/v1/create-qr-code/?size=500x500&data=https://ok26-wedding-os.vercel.app/reservations?code=MK26-SCXEH
MK26-VZDY5,https://api.qrserver.com/v1/create-qr-code/?size=500x500&data=https://ok26-wedding-os.vercel.app/reservations?code=MK26-VZDY5
MK26-86KNH,https://api.qrserver.com/v1/create-qr-code/?size=500x500&data=https://ok26-wedding-os.vercel.app/reservations?code=MK26-86KNH
MK26-8NZQ4,https://api.qrserver.com/v1/create-qr-code/?size=500x500&data=https://ok26-wedding-os.vercel.app/reservations?code=MK26-8NZQ4
MK26-CF6KZ,https://api.qrserver.com/v1/create-qr-code/?size=500x500&data=https://ok26-wedding-os.vercel.app/reservations?code=MK26-CF6KZ
MK26-5TGPX,https://api.qrserver.com/v1/create-qr-code/?size=500x500&data=https://ok26-wedding-os.vercel.app/reservations?code=MK26-5TGPX
MK26-VWVFZ,https://api.qrserver.com/v1/create-qr-code/?size=500x500&data=https://ok26-wedding-os.vercel.app/reservations?code=MK26-VWVFZ
MK26-YQ9HY,https://api.qrserver.com/v1/create-qr-code/?size=500x500&data=https://ok26-wedding-os.vercel.app/reservations?code=MK26-YQ9HY
MK26-4PMC7,https://api.qrserver.com/v1/create-qr-code/?size=500x500&data=https://ok26-wedding-os.vercel.app/reservations?code=MK26-4PMC7
MK26-PBJF6,https://api.qrserver.com/v1/create-qr-code/?size=500x500&data=https://ok26-wedding-os.vercel.app/reservations?code=MK26-PBJF6
MK26-HJGVG,https://api.qrserver.com/v1/create-qr-code/?size=500x500&data=https://ok26-wedding-os.vercel.app/reservations?code=MK26-HJGVG
MK26-GPQUA,https://api.qrserver.com/v1/create-qr-code/?size=500x500&data=https://ok26-wedding-os.vercel.app/reservations?code=MK26-GPQUA
MK26-NETR3,https://api.qrserver.com/v1/create-qr-code/?size=500x500&data=https://ok26-wedding-os.vercel.app/reservations?code=MK26-NETR3
MK26-8GE8K,https://api.qrserver.com/v1/create-qr-code/?size=500x500&data=https://ok26-wedding-os.vercel.app/reservations?code=MK26-8GE8K
MK26-RBPHB,https://api.qrserver.com/v1/create-qr-code/?size=500x500&data=https://ok26-wedding-os.vercel.app/reservations?code=MK26-RBPHB
MK26-5XYTF,https://api.qrserver.com/v1/create-qr-code/?size=500x500&data=https://ok26-wedding-os.vercel.app/reservations?code=MK26-5XYTF
MK26-4H2CU,https://api.qrserver.com/v1/create-qr-code/?size=500x500&data=https://ok26-wedding-os.vercel.app/reservations?code=MK26-4H2CU
MK26-T58R2,https://api.qrserver.com/v1/create-qr-code/?size=500x500&data=https://ok26-wedding-os.vercel.app/reservations?code=MK26-T58R2
MK26-BVSN1,https://api.qrserver.com/v1/create-qr-code/?size=500x500&data=https://ok26-wedding-os.vercel.app/reservations?code=MK26-BVSN1
MK26-FQXEQ,https://api.qrserver.com/v1/create-qr-code/?size=500x500&data=https://ok26-wedding-os.vercel.app/reservations?code=MK26-FQXEQ
MK26-5XN1Q,https://api.qrserver.com/v1/create-qr-code/?size=500x500&data=https://ok26-wedding-os.vercel.app/reservations?code=MK26-5XN1Q
MK26-91R6R,https://api.qrserver.com/v1/create-qr-code/?size=500x500&data=https://ok26-wedding-os.vercel.app/reservations?code=MK26-91R6R
MK26-2U7WK,https://api.qrserver.com/v1/create-qr-code/?size=500x500&data=https://ok26-wedding-os.vercel.app/reservations?code=MK26-2U7WK
MK26-NX8HD,https://api.qrserver.com/v1/create-qr-code/?size=500x500&data=https://ok26-wedding-os.vercel.app/reservations?code=MK26-NX8HD
MK26-M66JE,https://api.qrserver.com/v1/create-qr-code/?size=500x500&data=https://ok26-wedding-os.vercel.app/reservations?code=MK26-M66JE
MK26-3A3GC,https://api.qrserver.com/v1/create-qr-code/?size=500x500&data=https://ok26-wedding-os.vercel.app/reservations?code=MK26-3A3GC
MK26-296CW,https://api.qrserver.com/v1/create-qr-code/?size=500x500&data=https://ok26-wedding-os.vercel.app/reservations?code=MK26-296CW
MK26-FHDS8,https://api.qrserver.com/v1/create-qr-code/?size=500x500&data=https://ok26-wedding-os.vercel.app/reservations?code=MK26-FHDS8
MK26-5FGKE,https://api.qrserver.com/v1/create-qr-code/?size=500x500&data=https://ok26-wedding-os.vercel.app/reservations?code=MK26-5FGKE
MK26-4QR9G,https://api.qrserver.com/v1/create-qr-code/?size=500x500&data=https://ok26-wedding-os.vercel.app/reservations?code=MK26-4QR9G
MK26-DRX51,https://api.qrserver.com/v1/create-qr-code/?size=500x500&data=https://ok26-wedding-os.vercel.app/reservations?code=MK26-DRX51
MK26-T4F7N,https://api.qrserver.com/v1/create-qr-code/?size=500x500&data=https://ok26-wedding-os.vercel.app/reservations?code=MK26-T4F7N
MK26-1WJAX,https://api.qrserver.com/v1/create-qr-code/?size=500x500&data=https://ok26-wedding-os.vercel.app/reservations?code=MK26-1WJAX
MK26-V1ZU1,https://api.qrserver.com/v1/create-qr-code/?size=500x500&data=https://ok26-wedding-os.vercel.app/reservations?code=MK26-V1ZU1
MK26-KVAVW,https://api.qrserver.com/v1/create-qr-code/?size=500x500&data=https://ok26-wedding-os.vercel.app/reservations?code=MK26-KVAVW
MK26-CDXMS,https://api.qrserver.com/v1/create-qr-code/?size=500x500&data=https://ok26-wedding-os.vercel.app/reservations?code=MK26-CDXMS
MK26-XFERA,https://api.qrserver.com/v1/create-qr-code/?size=500x500&data=https://ok26-wedding-os.vercel.app/reservations?code=MK26-XFERA
MK26-YHR5W,https://api.qrserver.com/v1/create-qr-code/?size=500x500&data=https://ok26-wedding-os.vercel.app/reservations?code=MK26-YHR5W
MK26-FGBKJ,https://api.qrserver.com/v1/create-qr-code/?size=500x500&data=https://ok26-wedding-os.vercel.app/reservations?code=MK26-FGBKJ
MK26-ZRPTD,https://api.qrserver.com/v1/create-qr-code/?size=500x500&data=https://ok26-wedding-os.vercel.app/reservations?code=MK26-ZRPTD
MK26-CA86Y,https://api.qrserver.com/v1/create-qr-code/?size=500x500&data=https://ok26-wedding-os.vercel.app/reservations?code=MK26-CA86Y
MK26-WJ4AR,https://api.qrserver.com/v1/create-qr-code/?size=500x500&data=https://ok26-wedding-os.vercel.app/reservations?code=MK26-WJ4AR
MK26-SW8D8,https://api.qrserver.com/v1/create-qr-code/?size=500x500&data=https://ok26-wedding-os.vercel.app/reservations?code=MK26-SW8D8
MK26-67XPB,https://api.qrserver.com/v1/create-qr-code/?size=500x500&data=https://ok26-wedding-os.vercel.app/reservations?code=MK26-67XPB
MK26-F98VW,https://api.qrserver.com/v1/create-qr-code/?size=500x500&data=https://ok26-wedding-os.vercel.app/reservations?code=MK26-F98VW
MK26-HFWDZ,https://api.qrserver.com/v1/create-qr-code/?size=500x500&data=https://ok26-wedding-os.vercel.app/reservations?code=MK26-HFWDZ
MK26-6N3YA,https://api.qrserver.com/v1/create-qr-code/?size=500x500&data=https://ok26-wedding-os.vercel.app/reservations?code=MK26-6N3YA
MK26-61JN5,https://api.qrserver.com/v1/create-qr-code/?size=500x500&data=https://ok26-wedding-os.vercel.app/reservations?code=MK26-61JN5
MK26-QJD9H,https://api.qrserver.com/v1/create-qr-code/?size=500x500&data=https://ok26-wedding-os.vercel.app/reservations?code=MK26-QJD9H
MK26-NR9P8,https://api.qrserver.com/v1/create-qr-code/?size=500x500&data=https://ok26-wedding-os.vercel.app/reservations?code=MK26-NR9P8
MK26-V7ADU,https://api.qrserver.com/v1/create-qr-code/?size=500x500&data=https://ok26-wedding-os.vercel.app/reservations?code=MK26-V7ADU
MK26-QBJXZ,https://api.qrserver.com/v1/create-qr-code/?size=500x500&data=https://ok26-wedding-os.vercel.app/reservations?code=MK26-QBJXZ
MK26-1ZVNV,https://api.qrserver.com/v1/create-qr-code/?size=500x500&data=https://ok26-wedding-os.vercel.app/reservations?code=MK26-1ZVNV
MK26-S73YW,https://api.qrserver.com/v1/create-qr-code/?size=500x500&data=https://ok26-wedding-os.vercel.app/reservations?code=MK26-S73YW
MK26-23A57,https://api.qrserver.com/v1/create-qr-code/?size=500x500&data=https://ok26-wedding-os.vercel.app/reservations?code=MK26-23A57
MK26-HTZ5C,https://api.qrserver.com/v1/create-qr-code/?size=500x500&data=https://ok26-wedding-os.vercel.app/reservations?code=MK26-HTZ5C
MK26-W1N1A,https://api.qrserver.com/v1/create-qr-code/?size=500x500&data=https://ok26-wedding-os.vercel.app/reservations?code=MK26-W1N1A
MK26-1CM6A,https://api.qrserver.com/v1/create-qr-code/?size=500x500&data=https://ok26-wedding-os.vercel.app/reservations?code=MK26-1CM6A
MK26-EZ1KC,https://api.qrserver.com/v1/create-qr-code/?size=500x500&data=https://ok26-wedding-os.vercel.app/reservations?code=MK26-EZ1KC
MK26-JNKRA,https://api.qrserver.com/v1/create-qr-code/?size=500x500&data=https://ok26-wedding-os.vercel.app/reservations?code=MK26-JNKRA
MK26-8RVRB,https://api.qrserver.com/v1/create-qr-code/?size=500x500&data=https://ok26-wedding-os.vercel.app/reservations?code=MK26-8RVRB
MK26-24Z7D,https://api.qrserver.com/v1/create-qr-code/?size=500x500&data=https://ok26-wedding-os.vercel.app/reservations?code=MK26-24Z7D
MK26-CA34Q,https://api.qrserver.com/v1/create-qr-code/?size=500x500&data=https://ok26-wedding-os.vercel.app/reservations?code=MK26-CA34Q
MK26-P6HDZ,https://api.qrserver.com/v1/create-qr-code/?size=500x500&data=https://ok26-wedding-os.vercel.app/reservations?code=MK26-P6HDZ
MK26-52ECT,https://api.qrserver.com/v1/create-qr-code/?size=500x500&data=https://ok26-wedding-os.vercel.app/reservations?code=MK26-52ECT
MK26-GNTPJ,https://api.qrserver.com/v1/create-qr-code/?size=500x500&data=https://ok26-wedding-os.vercel.app/reservations?code=MK26-GNTPJ
MK26-8JXVF,https://api.qrserver.com/v1/create-qr-code/?size=500x500&data=https://ok26-wedding-os.vercel.app/reservations?code=MK26-8JXVF
MK26-5HRSC,https://api.qrserver.com/v1/create-qr-code/?size=500x500&data=https://ok26-wedding-os.vercel.app/reservations?code=MK26-5HRSC
MK26-G6J4H,https://api.qrserver.com/v1/create-qr-code/?size=500x500&data=https://ok26-wedding-os.vercel.app/reservations?code=MK26-G6J4H
MK26-35P49,https://api.qrserver.com/v1/create-qr-code/?size=500x500&data=https://ok26-wedding-os.vercel.app/reservations?code=MK26-35P49
MK26-M2MBW,https://api.qrserver.com/v1/create-qr-code/?size=500x500&data=https://ok26-wedding-os.vercel.app/reservations?code=MK26-M2MBW
MK26-5SWPX,https://api.qrserver.com/v1/create-qr-code/?size=500x500&data=https://ok26-wedding-os.vercel.app/reservations?code=MK26-5SWPX
MK26-ZD7KJ,https://api.qrserver.com/v1/create-qr-code/?size=500x500&data=https://ok26-wedding-os.vercel.app/reservations?code=MK26-ZD7KJ
MK26-RUXDS,https://api.qrserver.com/v1/create-qr-code/?size=500x500&data=https://ok26-wedding-os.vercel.app/reservations?code=MK26-RUXDS
MK26-PHRJJ,https://api.qrserver.com/v1/create-qr-code/?size=500x500&data=https://ok26-wedding-os.vercel.app/reservations?code=MK26-PHRJJ
MK26-QSFPT,https://api.qrserver.com/v1/create-qr-code/?size=500x500&data=https://ok26-wedding-os.vercel.app/reservations?code=MK26-QSFPT
MK26-7Z5RH,https://api.qrserver.com/v1/create-qr-code/?size=500x500&data=https://ok26-wedding-os.vercel.app/reservations?code=MK26-7Z5RH
MK26-RPP7R,https://api.qrserver.com/v1/create-qr-code/?size=500x500&data=https://ok26-wedding-os.vercel.app/reservations?code=MK26-RPP7R
MK26-HPCAQ,https://api.qrserver.com/v1/create-qr-code/?size=500x500&data=https://ok26-wedding-os.vercel.app/reservations?code=MK26-HPCAQ
MK26-ZC93Z,https://api.qrserver.com/v1/create-qr-code/?size=500x500&data=https://ok26-wedding-os.vercel.app/reservations?code=MK26-ZC93Z
MK26-GMJJZ,https://api.qrserver.com/v1/create-qr-code/?size=500x500&data=https://ok26-wedding-os.vercel.app/reservations?code=MK26-GMJJZ
MK26-VW68R,https://api.qrserver.com/v1/create-qr-code/?size=500x500&data=https://ok26-wedding-os.vercel.app/reservations?code=MK26-VW68R
MK26-SZHTP,https://api.qrserver.com/v1/create-qr-code/?size=500x500&data=https://ok26-wedding-os.vercel.app/reservations?code=MK26-SZHTP
MK26-BNHUA,https://api.qrserver.com/v1/create-qr-code/?size=500x500&data=https://ok26-wedding-os.vercel.app/reservations?code=MK26-BNHUA
MK26-B1N3H,https://api.qrserver.com/v1/create-qr-code/?size=500x500&data=https://ok26-wedding-os.vercel.app/reservations?code=MK26-B1N3H
MK26-YS9ED,https://api.qrserver.com/v1/create-qr-code/?size=500x500&data=https://ok26-wedding-os.vercel.app/reservations?code=MK26-YS9ED
MK26-AX1A5,https://api.qrserver.com/v1/create-qr-code/?size=500x500&data=https://ok26-wedding-os.vercel.app/reservations?code=MK26-AX1A5
MK26-E3HQQ,https://api.qrserver.com/v1/create-qr-code/?size=500x500&data=https://ok26-wedding-os.vercel.app/reservations?code=MK26-E3HQQ
MK26-AXYP5,https://api.qrserver.com/v1/create-qr-code/?size=500x500&data=https://ok26-wedding-os.vercel.app/reservations?code=MK26-AXYP5
MK26-RB2RJ,https://api.qrserver.com/v1/create-qr-code/?size=500x500&data=https://ok26-wedding-os.vercel.app/reservations?code=MK26-RB2RJ
MK26-25Q2Q,https://api.qrserver.com/v1/create-qr-code/?size=500x500&data=https://ok26-wedding-os.vercel.app/reservations?code=MK26-25Q2Q
MK26-QQ4FH,https://api.qrserver.com/v1/create-qr-code/?size=500x500&data=https://ok26-wedding-os.vercel.app/reservations?code=MK26-QQ4FH
MK26-4V5KS,https://api.qrserver.com/v1/create-qr-code/?size=500x500&data=https://ok26-wedding-os.vercel.app/reservations?code=MK26-4V5KS
MK26-9REJ2,https://api.qrserver.com/v1/create-qr-code/?size=500x500&data=https://ok26-wedding-os.vercel.app/reservations?code=MK26-9REJ2
MK26-GY141,https://api.qrserver.com/v1/create-qr-code/?size=500x500&data=https://ok26-wedding-os.vercel.app/reservations?code=MK26-GY141
MK26-7YX11,https://api.qrserver.com/v1/create-qr-code/?size=500x500&data=https://ok26-wedding-os.vercel.app/reservations?code=MK26-7YX11
MK26-656A3,https://api.qrserver.com/v1/create-qr-code/?size=500x500&data=https://ok26-wedding-os.vercel.app/reservations?code=MK26-656A3
MK26-29QTX,https://api.qrserver.com/v1/create-qr-code/?size=500x500&data=https://ok26-wedding-os.vercel.app/reservations?code=MK26-29QTX
MK26-FYTEB,https://api.qrserver.com/v1/create-qr-code/?size=500x500&data=https://ok26-wedding-os.vercel.app/reservations?code=MK26-FYTEB
MK26-H1MSG,https://api.qrserver.com/v1/create-qr-code/?size=500x500&data=https://ok26-wedding-os.vercel.app/reservations?code=MK26-H1MSG
MK26-4PHNQ,https://api.qrserver.com/v1/create-qr-code/?size=500x500&data=https://ok26-wedding-os.vercel.app/reservations?code=MK26-4PHNQ
MK26-NXVC9,https://api.qrserver.com/v1/create-qr-code/?size=500x500&data=https://ok26-wedding-os.vercel.app/reservations?code=MK26-NXVC9
MK26-XXASE,https://api.qrserver.com/v1/create-qr-code/?size=500x500&data=https://ok26-wedding-os.vercel.app/reservations?code=MK26-XXASE
MK26-69985,https://api.qrserver.com/v1/create-qr-code/?size=500x500&data=https://ok26-wedding-os.vercel.app/reservations?code=MK26-69985
MK26-VVPAY,https://api.qrserver.com/v1/create-qr-code/?size=500x500&data=https://ok26-wedding-os.vercel.app/reservations?code=MK26-VVPAY
MK26-B5RTP,https://api.qrserver.com/v1/create-qr-code/?size=500x500&data=https://ok26-wedding-os.vercel.app/reservations?code=MK26-B5RTP
MK26-PH5KU,https://api.qrserver.com/v1/create-qr-code/?size=500x500&data=https://ok26-wedding-os.vercel.app/reservations?code=MK26-PH5KU
MK26-X5PTN,https://api.qrserver.com/v1/create-qr-code/?size=500x500&data=https://ok26-wedding-os.vercel.app/reservations?code=MK26-X5PTN
MK26-GUHSE,https://api.qrserver.com/v1/create-qr-code/?size=500x500&data=https://ok26-wedding-os.vercel.app/reservations?code=MK26-GUHSE
MK26-S45R4,https://api.qrserver.com/v1/create-qr-code/?size=500x500&data=https://ok26-wedding-os.vercel.app/reservations?code=MK26-S45R4
MK26-TN8JH,https://api.qrserver.com/v1/create-qr-code/?size=500x500&data=https://ok26-wedding-os.vercel.app/reservations?code=MK26-TN8JH
MK26-6U7VK,https://api.qrserver.com/v1/create-qr-code/?size=500x500&data=https://ok26-wedding-os.vercel.app/reservations?code=MK26-6U7VK
MK26-ANWY5,https://api.qrserver.com/v1/create-qr-code/?size=500x500&data=https://ok26-wedding-os.vercel.app/reservations?code=MK26-ANWY5
MK26-6BRF6,https://api.qrserver.com/v1/create-qr-code/?size=500x500&data=https://ok26-wedding-os.vercel.app/reservations?code=MK26-6BRF6
MK26-HXYDJ,https://api.qrserver.com/v1/create-qr-code/?size=500x500&data=https://ok26-wedding-os.vercel.app/reservations?code=MK26-HXYDJ
MK26-4A89K,https://api.qrserver.com/v1/create-qr-code/?size=500x500&data=https://ok26-wedding-os.vercel.app/reservations?code=MK26-4A89K
MK26-CGQGD,https://api.qrserver.com/v1/create-qr-code/?size=500x500&data=https://ok26-wedding-os.vercel.app/reservations?code=MK26-CGQGD
MK26-SF7KE,https://api.qrserver.com/v1/create-qr-code/?size=500x500&data=https://ok26-wedding-os.vercel.app/reservations?code=MK26-SF7KE
MK26-CYQY8,https://api.qrserver.com/v1/create-qr-code/?size=500x500&data=https://ok26-wedding-os.vercel.app/reservations?code=MK26-CYQY8
MK26-FJ2BP,https://api.qrserver.com/v1/create-qr-code/?size=500x500&data=https://ok26-wedding-os.vercel.app/reservations?code=MK26-FJ2BP
MK26-8F8DW,https://api.qrserver.com/v1/create-qr-code/?size=500x500&data=https://ok26-wedding-os.vercel.app/reservations?code=MK26-8F8DW
MK26-RJ2NP,https://api.qrserver.com/v1/create-qr-code/?size=500x500&data=https://ok26-wedding-os.vercel.app/reservations?code=MK26-RJ2NP
MK26-XTSD4,https://api.qrserver.com/v1/create-qr-code/?size=500x500&data=https://ok26-wedding-os.vercel.app/reservations?code=MK26-XTSD4
MK26-V2EF5,https://api.qrserver.com/v1/create-qr-code/?size=500x500&data=https://ok26-wedding-os.vercel.app/reservations?code=MK26-V2EF5
MK26-H3FKP,https://api.qrserver.com/v1/create-qr-code/?size=500x500&data=https://ok26-wedding-os.vercel.app/reservations?code=MK26-H3FKP
MK26-5V49A,https://api.qrserver.com/v1/create-qr-code/?size=500x500&data=https://ok26-wedding-os.vercel.app/reservations?code=MK26-5V49A
MK26-Y7NVB,https://api.qrserver.com/v1/create-qr-code/?size=500x500&data=https://ok26-wedding-os.vercel.app/reservations?code=MK26-Y7NVB
MK26-ZU1G4,https://api.qrserver.com/v1/create-qr-code/?size=500x500&data=https://ok26-wedding-os.vercel.app/reservations?code=MK26-ZU1G4
MK26-XTYBT,https://api.qrserver.com/v1/create-qr-code/?size=500x500&data=https://ok26-wedding-os.vercel.app/reservations?code=MK26-XTYBT
MK26-Q87U1,https://api.qrserver.com/v1/create-qr-code/?size=500x500&data=https://ok26-wedding-os.vercel.app/reservations?code=MK26-Q87U1
MK26-194NF,https://api.qrserver.com/v1/create-qr-code/?size=500x500&data=https://ok26-wedding-os.vercel.app/reservations?code=MK26-194NF
MK26-XAQDB,https://api.qrserver.com/v1/create-qr-code/?size=500x500&data=https://ok26-wedding-os.vercel.app/reservations?code=MK26-XAQDB
MK26-73ERU,https://api.qrserver.com/v1/create-qr-code/?size=500x500&data=https://ok26-wedding-os.vercel.app/reservations?code=MK26-73ERU
MK26-J2XNY,https://api.qrserver.com/v1/create-qr-code/?size=500x500&data=https://ok26-wedding-os.vercel.app/reservations?code=MK26-J2XNY
MK26-6SBRK,https://api.qrserver.com/v1/create-qr-code/?size=500x500&data=https://ok26-wedding-os.vercel.app/reservations?code=MK26-6SBRK
MK26-M4RDS,https://api.qrserver.com/v1/create-qr-code/?size=500x500&data=https://ok26-wedding-os.vercel.app/reservations?code=MK26-M4RDS
MK26-7JH1K,https://api.qrserver.com/v1/create-qr-code/?size=500x500&data=https://ok26-wedding-os.vercel.app/reservations?code=MK26-7JH1K
MK26-2R8WA,https://api.qrserver.com/v1/create-qr-code/?size=500x500&data=https://ok26-wedding-os.vercel.app/reservations?code=MK26-2R8WA
MK26-ARZ8A,https://api.qrserver.com/v1/create-qr-code/?size=500x500&data=https://ok26-wedding-os.vercel.app/reservations?code=MK26-ARZ8A
MK26-PHS15,https://api.qrserver.com/v1/create-qr-code/?size=500x500&data=https://ok26-wedding-os.vercel.app/reservations?code=MK26-PHS15
MK26-HPUT4,https://api.qrserver.com/v1/create-qr-code/?size=500x500&data=https://ok26-wedding-os.vercel.app/reservations?code=MK26-HPUT4
MK26-U68K7,https://api.qrserver.com/v1/create-qr-code/?size=500x500&data=https://ok26-wedding-os.vercel.app/reservations?code=MK26-U68K7
MK26-P29BK,https://api.qrserver.com/v1/create-qr-code/?size=500x500&data=https://ok26-wedding-os.vercel.app/reservations?code=MK26-P29BK
MK26-MG6TX,https://api.qrserver.com/v1/create-qr-code/?size=500x500&data=https://ok26-wedding-os.vercel.app/reservations?code=MK26-MG6TX
MK26-XDEU5,https://api.qrserver.com/v1/create-qr-code/?size=500x500&data=https://ok26-wedding-os.vercel.app/reservations?code=MK26-XDEU5
MK26-MRCUA,https://api.qrserver.com/v1/create-qr-code/?size=500x500&data=https://ok26-wedding-os.vercel.app/reservations?code=MK26-MRCUA
MK26-JJ3QR,https://api.qrserver.com/v1/create-qr-code/?size=500x500&data=https://ok26-wedding-os.vercel.app/reservations?code=MK26-JJ3QR
MK26-H84XH,https://api.qrserver.com/v1/create-qr-code/?size=500x500&data=https://ok26-wedding-os.vercel.app/reservations?code=MK26-H84XH
MK26-VHXCJ,https://api.qrserver.com/v1/create-qr-code/?size=500x500&data=https://ok26-wedding-os.vercel.app/reservations?code=MK26-VHXCJ
MK26-8QH6D,https://api.qrserver.com/v1/create-qr-code/?size=500x500&data=https://ok26-wedding-os.vercel.app/reservations?code=MK26-8QH6D
MK26-FEWNQ,https://api.qrserver.com/v1/create-qr-code/?size=500x500&data=https://ok26-wedding-os.vercel.app/reservations?code=MK26-FEWNQ
MK26-6P7VJ,https://api.qrserver.com/v1/create-qr-code/?size=500x500&data=https://ok26-wedding-os.vercel.app/reservations?code=MK26-6P7VJ
MK26-A8EMD,https://api.qrserver.com/v1/create-qr-code/?size=500x500&data=https://ok26-wedding-os.vercel.app/reservations?code=MK26-A8EMD
MK26-T8YTV,https://api.qrserver.com/v1/create-qr-code/?size=500x500&data=https://ok26-wedding-os.vercel.app/reservations?code=MK26-T8YTV
MK26-U96RM,https://api.qrserver.com/v1/create-qr-code/?size=500x500&data=https://ok26-wedding-os.vercel.app/reservations?code=MK26-U96RM
MK26-HZ4XU,https://api.qrserver.com/v1/create-qr-code/?size=500x500&data=https://ok26-wedding-os.vercel.app/reservations?code=MK26-HZ4XU
MK26-PDFD7,https://api.qrserver.com/v1/create-qr-code/?size=500x500&data=https://ok26-wedding-os.vercel.app/reservations?code=MK26-PDFD7
MK26-UGTNX,https://api.qrserver.com/v1/create-qr-code/?size=500x500&data=https://ok26-wedding-os.vercel.app/reservations?code=MK26-UGTNX
MK26-EKEFQ,https://api.qrserver.com/v1/create-qr-code/?size=500x500&data=https://ok26-wedding-os.vercel.app/reservations?code=MK26-EKEFQ
MK26-RGUYU,https://api.qrserver.com/v1/create-qr-code/?size=500x500&data=https://ok26-wedding-os.vercel.app/reservations?code=MK26-RGUYU
MK26-EKGB5,https://api.qrserver.com/v1/create-qr-code/?size=500x500&data=https://ok26-wedding-os.vercel.app/reservations?code=MK26-EKGB5
MK26-FVQA1,https://api.qrserver.com/v1/create-qr-code/?size=500x500&data=https://ok26-wedding-os.vercel.app/reservations?code=MK26-FVQA1
MK26-EXB36,https://api.qrserver.com/v1/create-qr-code/?size=500x500&data=https://ok26-wedding-os.vercel.app/reservations?code=MK26-EXB36
MK26-QQ68A,https://api.qrserver.com/v1/create-qr-code/?size=500x500&data=https://ok26-wedding-os.vercel.app/reservations?code=MK26-QQ68A
MK26-PYGYX,https://api.qrserver.com/v1/create-qr-code/?size=500x500&data=https://ok26-wedding-os.vercel.app/reservations?code=MK26-PYGYX
MK26-P1ZRM,https://api.qrserver.com/v1/create-qr-code/?size=500x500&data=https://ok26-wedding-os.vercel.app/reservations?code=MK26-P1ZRM
MK26-YWXV9,https://api.qrserver.com/v1/create-qr-code/?size=500x500&data=https://ok26-wedding-os.vercel.app/reservations?code=MK26-YWXV9
MK26-PW4YF,https://api.qrserver.com/v1/create-qr-code/?size=500x500&data=https://ok26-wedding-os.vercel.app/reservations?code=MK26-PW4YF
MK26-U5754,https://api.qrserver.com/v1/create-qr-code/?size=500x500&data=https://ok26-wedding-os.vercel.app/reservations?code=MK26-U5754
MK26-BQSQY,https://api.qrserver.com/v1/create-qr-code/?size=500x500&data=https://ok26-wedding-os.vercel.app/reservations?code=MK26-BQSQY
MK26-QF8RJ,https://api.qrserver.com/v1/create-qr-code/?size=500x500&data=https://ok26-wedding-os.vercel.app/reservations?code=MK26-QF8RJ
MK26-VECAX,https://api.qrserver.com/v1/create-qr-code/?size=500x500&data=https://ok26-wedding-os.vercel.app/reservations?code=MK26-VECAX
MK26-JSGHB,https://api.qrserver.com/v1/create-qr-code/?size=500x500&data=https://ok26-wedding-os.vercel.app/reservations?code=MK26-JSGHB
MK26-CQUMS,https://api.qrserver.com/v1/create-qr-code/?size=500x500&data=https://ok26-wedding-os.vercel.app/reservations?code=MK26-CQUMS
MK26-DGKYE,https://api.qrserver.com/v1/create-qr-code/?size=500x500&data=https://ok26-wedding-os.vercel.app/reservations?code=MK26-DGKYE
MK26-JXMEA,https://api.qrserver.com/v1/create-qr-code/?size=500x500&data=https://ok26-wedding-os.vercel.app/reservations?code=MK26-JXMEA
MK26-EN5XV,https://api.qrserver.com/v1/create-qr-code/?size=500x500&data=https://ok26-wedding-os.vercel.app/reservations?code=MK26-EN5XV
MK26-4CBGV,https://api.qrserver.com/v1/create-qr-code/?size=500x500&data=https://ok26-wedding-os.vercel.app/reservations?code=MK26-4CBGV
MK26-W56DR,https://api.qrserver.com/v1/create-qr-code/?size=500x500&data=https://ok26-wedding-os.vercel.app/reservations?code=MK26-W56DR
MK26-UKXNQ,https://api.qrserver.com/v1/create-qr-code/?size=500x500&data=https://ok26-wedding-os.vercel.app/reservations?code=MK26-UKXNQ
MK26-QHDK2,https://api.qrserver.com/v1/create-qr-code/?size=500x500&data=https://ok26-wedding-os.vercel.app/reservations?code=MK26-QHDK2
MK26-N6XPX,https://api.qrserver.com/v1/create-qr-code/?size=500x500&data=https://ok26-wedding-os.vercel.app/reservations?code=MK26-N6XPX
MK26-FN68Y,https://api.qrserver.com/v1/create-qr-code/?size=500x500&data=https://ok26-wedding-os.vercel.app/reservations?code=MK26-FN68Y
MK26-T574A,https://api.qrserver.com/v1/create-qr-code/?size=500x500&data=https://ok26-wedding-os.vercel.app/reservations?code=MK26-T574A
MK26-SDYW9,https://api.qrserver.com/v1/create-qr-code/?size=500x500&data=https://ok26-wedding-os.vercel.app/reservations?code=MK26-SDYW9
MK26-KXX9H,https://api.qrserver.com/v1/create-qr-code/?size=500x500&data=https://ok26-wedding-os.vercel.app/reservations?code=MK26-KXX9H
MK26-249QJ,https://api.qrserver.com/v1/create-qr-code/?size=500x500&data=https://ok26-wedding-os.vercel.app/reservations?code=MK26-249QJ
MK26-527A8,https://api.qrserver.com/v1/create-qr-code/?size=500x500&data=https://ok26-wedding-os.vercel.app/reservations?code=MK26-527A8
MK26-MEQU4,https://api.qrserver.com/v1/create-qr-code/?size=500x500&data=https://ok26-wedding-os.vercel.app/reservations?code=MK26-MEQU4
MK26-Q25NZ,https://api.qrserver.com/v1/create-qr-code/?size=500x500&data=https://ok26-wedding-os.vercel.app/reservations?code=MK26-Q25NZ
MK26-SRWUG,https://api.qrserver.com/v1/create-qr-code/?size=500x500&data=https://ok26-wedding-os.vercel.app/reservations?code=MK26-SRWUG
MK26-JFSCX,https://api.qrserver.com/v1/create-qr-code/?size=500x500&data=https://ok26-wedding-os.vercel.app/reservations?code=MK26-JFSCX
MK26-XNQDZ,https://api.qrserver.com/v1/create-qr-code/?size=500x500&data=https://ok26-wedding-os.vercel.app/reservations?code=MK26-XNQDZ
MK26-JG4E7,https://api.qrserver.com/v1/create-qr-code/?size=500x500&data=https://ok26-wedding-os.vercel.app/reservations?code=MK26-JG4E7
MK26-ABA6Y,https://api.qrserver.com/v1/create-qr-code/?size=500x500&data=https://ok26-wedding-os.vercel.app/reservations?code=MK26-ABA6Y
MK26-SPEQH,https://api.qrserver.com/v1/create-qr-code/?size=500x500&data=https://ok26-wedding-os.vercel.app/reservations?code=MK26-SPEQH
MK26-NM3YN,https://api.qrserver.com/v1/create-qr-code/?size=500x500&data=https://ok26-wedding-os.vercel.app/reservations?code=MK26-NM3YN
MK26-QDF3M,https://api.qrserver.com/v1/create-qr-code/?size=500x500&data=https://ok26-wedding-os.vercel.app/reservations?code=MK26-QDF3M
MK26-77CT6,https://api.qrserver.com/v1/create-qr-code/?size=500x500&data=https://ok26-wedding-os.vercel.app/reservations?code=MK26-77CT6
MK26-NE3ME,https://api.qrserver.com/v1/create-qr-code/?size=500x500&data=https://ok26-wedding-os.vercel.app/reservations?code=MK26-NE3ME
MK26-CC3AX,https://api.qrserver.com/v1/create-qr-code/?size=500x500&data=https://ok26-wedding-os.vercel.app/reservations?code=MK26-CC3AX
MK26-Y2J47,https://api.qrserver.com/v1/create-qr-code/?size=500x500&data=https://ok26-wedding-os.vercel.app/reservations?code=MK26-Y2J47
MK26-BNGH5,https://api.qrserver.com/v1/create-qr-code/?size=500x500&data=https://ok26-wedding-os.vercel.app/reservations?code=MK26-BNGH5
MK26-NK88U,https://api.qrserver.com/v1/create-qr-code/?size=500x500&data=https://ok26-wedding-os.vercel.app/reservations?code=MK26-NK88U
MK26-33THQ,https://api.qrserver.com/v1/create-qr-code/?size=500x500&data=https://ok26-wedding-os.vercel.app/reservations?code=MK26-33THQ
MK26-DX2FF,https://api.qrserver.com/v1/create-qr-code/?size=500x500&data=https://ok26-wedding-os.vercel.app/reservations?code=MK26-DX2FF
MK26-MTNWH,https://api.qrserver.com/v1/create-qr-code/?size=500x500&data=https://ok26-wedding-os.vercel.app/reservations?code=MK26-MTNWH
MK26-5K2B9,https://api.qrserver.com/v1/create-qr-code/?size=500x500&data=https://ok26-wedding-os.vercel.app/reservations?code=MK26-5K2B9
MK26-KNYJ3,https://api.qrserver.com/v1/create-qr-code/?size=500x500&data=https://ok26-wedding-os.vercel.app/reservations?code=MK26-KNYJ3
MK26-ACWCU,https://api.qrserver.com/v1/create-qr-code/?size=500x500&data=https://ok26-wedding-os.vercel.app/reservations?code=MK26-ACWCU
MK26-MJWR4,https://api.qrserver.com/v1/create-qr-code/?size=500x500&data=https://ok26-wedding-os.vercel.app/reservations?code=MK26-MJWR4
MK26-144MN,https://api.qrserver.com/v1/create-qr-code/?size=500x500&data=https://ok26-wedding-os.vercel.app/reservations?code=MK26-144MN
MK26-A4UXE,https://api.qrserver.com/v1/create-qr-code/?size=500x500&data=https://ok26-wedding-os.vercel.app/reservations?code=MK26-A4UXE
MK26-SJUDC,https://api.qrserver.com/v1/create-qr-code/?size=500x500&data=https://ok26-wedding-os.vercel.app/reservations?code=MK26-SJUDC
MK26-W4XT7,https://api.qrserver.com/v1/create-qr-code/?size=500x500&data=https://ok26-wedding-os.vercel.app/reservations?code=MK26-W4XT7
MK26-CNRSX,https://api.qrserver.com/v1/create-qr-code/?size=500x500&data=https://ok26-wedding-os.vercel.app/reservations?code=MK26-CNRSX
MK26-87629,https://api.qrserver.com/v1/create-qr-code/?size=500x500&data=https://ok26-wedding-os.vercel.app/reservations?code=MK26-87629
MK26-SC5UQ,https://api.qrserver.com/v1/create-qr-code/?size=500x500&data=https://ok26-wedding-os.vercel.app/reservations?code=MK26-SC5UQ
MK26-88WFD,https://api.qrserver.com/v1/create-qr-code/?size=500x500&data=https://ok26-wedding-os.vercel.app/reservations?code=MK26-88WFD
MK26-6WMTK,https://api.qrserver.com/v1/create-qr-code/?size=500x500&data=https://ok26-wedding-os.vercel.app/reservations?code=MK26-6WMTK
MK26-PPTF4,https://api.qrserver.com/v1/create-qr-code/?size=500x500&data=https://ok26-wedding-os.vercel.app/reservations?code=MK26-PPTF4
MK26-FU2GZ,https://api.qrserver.com/v1/create-qr-code/?size=500x500&data=https://ok26-wedding-os.vercel.app/reservations?code=MK26-FU2GZ
MK26-9D5C6,https://api.qrserver.com/v1/create-qr-code/?size=500x500&data=https://ok26-wedding-os.vercel.app/reservations?code=MK26-9D5C6
MK26-QWP95,https://api.qrserver.com/v1/create-qr-code/?size=500x500&data=https://ok26-wedding-os.vercel.app/reservations?code=MK26-QWP95
MK26-2Y2BP,https://api.qrserver.com/v1/create-qr-code/?size=500x500&data=https://ok26-wedding-os.vercel.app/reservations?code=MK26-2Y2BP
MK26-T443R,https://api.qrserver.com/v1/create-qr-code/?size=500x500&data=https://ok26-wedding-os.vercel.app/reservations?code=MK26-T443R
MK26-K851W,https://api.qrserver.com/v1/create-qr-code/?size=500x500&data=https://ok26-wedding-os.vercel.app/reservations?code=MK26-K851W
MK26-7EW2B,https://api.qrserver.com/v1/create-qr-code/?size=500x500&data=https://ok26-wedding-os.vercel.app/reservations?code=MK26-7EW2B
MK26-2P5S3,https://api.qrserver.com/v1/create-qr-code/?size=500x500&data=https://ok26-wedding-os.vercel.app/reservations?code=MK26-2P5S3
MK26-JQKVP,https://api.qrserver.com/v1/create-qr-code/?size=500x500&data=https://ok26-wedding-os.vercel.app/reservations?code=MK26-JQKVP
MK26-9FE4A,https://api.qrserver.com/v1/create-qr-code/?size=500x500&data=https://ok26-wedding-os.vercel.app/reservations?code=MK26-9FE4A
MK26-79DA4,https://api.qrserver.com/v1/create-qr-code/?size=500x500&data=https://ok26-wedding-os.vercel.app/reservations?code=MK26-79DA4
MK26-8WAZN,https://api.qrserver.com/v1/create-qr-code/?size=500x500&data=https://ok26-wedding-os.vercel.app/reservations?code=MK26-8WAZN
MK26-3XUXM,https://api.qrserver.com/v1/create-qr-code/?size=500x500&data=https://ok26-wedding-os.vercel.app/reservations?code=MK26-3XUXM
MK26-M8X1S,https://api.qrserver.com/v1/create-qr-code/?size=500x500&data=https://ok26-wedding-os.vercel.app/reservations?code=MK26-M8X1S
MK26-B1MW5,https://api.qrserver.com/v1/create-qr-code/?size=500x500&data=https://ok26-wedding-os.vercel.app/reservations?code=MK26-B1MW5
MK26-TPZHX,https://api.qrserver.com/v1/create-qr-code/?size=500x500&data=https://ok26-wedding-os.vercel.app/reservations?code=MK26-TPZHX
MK26-H6WNF,https://api.qrserver.com/v1/create-qr-code/?size=500x500&data=https://ok26-wedding-os.vercel.app/reservations?code=MK26-H6WNF
MK26-DD3XA,https://api.qrserver.com/v1/create-qr-code/?size=500x500&data=https://ok26-wedding-os.vercel.app/reservations?code=MK26-DD3XA
MK26-HAX4U,https://api.qrserver.com/v1/create-qr-code/?size=500x500&data=https://ok26-wedding-os.vercel.app/reservations?code=MK26-HAX4U
MK26-NB48R,https://api.qrserver.com/v1/create-qr-code/?size=500x500&data=https://ok26-wedding-os.vercel.app/reservations?code=MK26-NB48R
MK26-WXRKU,https://api.qrserver.com/v1/create-qr-code/?size=500x500&data=https://ok26-wedding-os.vercel.app/reservations?code=MK26-WXRKU
MK26-5J4ZC,https://api.qrserver.com/v1/create-qr-code/?size=500x500&data=https://ok26-wedding-os.vercel.app/reservations?code=MK26-5J4ZC
MK26-CUWT8,https://api.qrserver.com/v1/create-qr-code/?size=500x500&data=https://ok26-wedding-os.vercel.app/reservations?code=MK26-CUWT8
MK26-XGXBA,https://api.qrserver.com/v1/create-qr-code/?size=500x500&data=https://ok26-wedding-os.vercel.app/reservations?code=MK26-XGXBA
MK26-RAS2D,https://api.qrserver.com/v1/create-qr-code/?size=500x500&data=https://ok26-wedding-os.vercel.app/reservations?code=MK26-RAS2D
MK26-J7TRN,https://api.qrserver.com/v1/create-qr-code/?size=500x500&data=https://ok26-wedding-os.vercel.app/reservations?code=MK26-J7TRN
MK26-MRT88,https://api.qrserver.com/v1/create-qr-code/?size=500x500&data=https://ok26-wedding-os.vercel.app/reservations?code=MK26-MRT88
MK26-CXTCK,https://api.qrserver.com/v1/create-qr-code/?size=500x500&data=https://ok26-wedding-os.vercel.app/reservations?code=MK26-CXTCK
MK26-PK6N3,https://api.qrserver.com/v1/create-qr-code/?size=500x500&data=https://ok26-wedding-os.vercel.app/reservations?code=MK26-PK6N3
MK26-E7J4B,https://api.qrserver.com/v1/create-qr-code/?size=500x500&data=https://ok26-wedding-os.vercel.app/reservations?code=MK26-E7J4B
MK26-MRBGE,https://api.qrserver.com/v1/create-qr-code/?size=500x500&data=https://ok26-wedding-os.vercel.app/reservations?code=MK26-MRBGE
MK26-79Q2K,https://api.qrserver.com/v1/create-qr-code/?size=500x500&data=https://ok26-wedding-os.vercel.app/reservations?code=MK26-79Q2K
MK26-W7UDW,https://api.qrserver.com/v1/create-qr-code/?size=500x500&data=https://ok26-wedding-os.vercel.app/reservations?code=MK26-W7UDW
MK26-TD7UW,https://api.qrserver.com/v1/create-qr-code/?size=500x500&data=https://ok26-wedding-os.vercel.app/reservations?code=MK26-TD7UW
MK26-G1XHZ,https://api.qrserver.com/v1/create-qr-code/?size=500x500&data=https://ok26-wedding-os.vercel.app/reservations?code=MK26-G1XHZ
MK26-N4MSB,https://api.qrserver.com/v1/create-qr-code/?size=500x500&data=https://ok26-wedding-os.vercel.app/reservations?code=MK26-N4MSB
MK26-G4A31,https://api.qrserver.com/v1/create-qr-code/?size=500x500&data=https://ok26-wedding-os.vercel.app/reservations?code=MK26-G4A31
MK26-Z3TPC,https://api.qrserver.com/v1/create-qr-code/?size=500x500&data=https://ok26-wedding-os.vercel.app/reservations?code=MK26-Z3TPC
MK26-51YWQ,https://api.qrserver.com/v1/create-qr-code/?size=500x500&data=https://ok26-wedding-os.vercel.app/reservations?code=MK26-51YWQ
MK26-X6NCG,https://api.qrserver.com/v1/create-qr-code/?size=500x500&data=https://ok26-wedding-os.vercel.app/reservations?code=MK26-X6NCG
MK26-DP8WU,https://api.qrserver.com/v1/create-qr-code/?size=500x500&data=https://ok26-wedding-os.vercel.app/reservations?code=MK26-DP8WU
MK26-BHCDF,https://api.qrserver.com/v1/create-qr-code/?size=500x500&data=https://ok26-wedding-os.vercel.app/reservations?code=MK26-BHCDF
MK26-CVZM8,https://api.qrserver.com/v1/create-qr-code/?size=500x500&data=https://ok26-wedding-os.vercel.app/reservations?code=MK26-CVZM8
MK26-WRJVS,https://api.qrserver.com/v1/create-qr-code/?size=500x500&data=https://ok26-wedding-os.vercel.app/reservations?code=MK26-WRJVS
MK26-BRXBS,https://api.qrserver.com/v1/create-qr-code/?size=500x500&data=https://ok26-wedding-os.vercel.app/reservations?code=MK26-BRXBS
MK26-QW16Q,https://api.qrserver.com/v1/create-qr-code/?size=500x500&data=https://ok26-wedding-os.vercel.app/reservations?code=MK26-QW16Q
MK26-AN68V,https://api.qrserver.com/v1/create-qr-code/?size=500x500&data=https://ok26-wedding-os.vercel.app/reservations?code=MK26-AN68V
MK26-QCQ8D,https://api.qrserver.com/v1/create-qr-code/?size=500x500&data=https://ok26-wedding-os.vercel.app/reservations?code=MK26-QCQ8D
MK26-YKR6C,https://api.qrserver.com/v1/create-qr-code/?size=500x500&data=https://ok26-wedding-os.vercel.app/reservations?code=MK26-YKR6C
MK26-Q8ESE,https://api.qrserver.com/v1/create-qr-code/?size=500x500&data=https://ok26-wedding-os.vercel.app/reservations?code=MK26-Q8ESE
MK26-NU8UH,https://api.qrserver.com/v1/create-qr-code/?size=500x500&data=https://ok26-wedding-os.vercel.app/reservations?code=MK26-NU8UH
MK26-419ZF,https://api.qrserver.com/v1/create-qr-code/?size=500x500&data=https://ok26-wedding-os.vercel.app/reservations?code=MK26-419ZF
MK26-AZVSB,https://api.qrserver.com/v1/create-qr-code/?size=500x500&data=https://ok26-wedding-os.vercel.app/reservations?code=MK26-AZVSB
MK26-QAFRQ,https://api.qrserver.com/v1/create-qr-code/?size=500x500&data=https://ok26-wedding-os.vercel.app/reservations?code=MK26-QAFRQ
MK26-JXE2S,https://api.qrserver.com/v1/create-qr-code/?size=500x500&data=https://ok26-wedding-os.vercel.app/reservations?code=MK26-JXE2S
MK26-9MVXK,https://api.qrserver.com/v1/create-qr-code/?size=500x500&data=https://ok26-wedding-os.vercel.app/reservations?code=MK26-9MVXK
MK26-E1MQ7,https://api.qrserver.com/v1/create-qr-code/?size=500x500&data=https://ok26-wedding-os.vercel.app/reservations?code=MK26-E1MQ7
MK26-X81P2,https://api.qrserver.com/v1/create-qr-code/?size=500x500&data=https://ok26-wedding-os.vercel.app/reservations?code=MK26-X81P2
MK26-R1E41,https://api.qrserver.com/v1/create-qr-code/?size=500x500&data=https://ok26-wedding-os.vercel.app/reservations?code=MK26-R1E41
MK26-7CZUU,https://api.qrserver.com/v1/create-qr-code/?size=500x500&data=https://ok26-wedding-os.vercel.app/reservations?code=MK26-7CZUU
MK26-WBKEJ,https://api.qrserver.com/v1/create-qr-code/?size=500x500&data=https://ok26-wedding-os.vercel.app/reservations?code=MK26-WBKEJ
MK26-RGQ3T,https://api.qrserver.com/v1/create-qr-code/?size=500x500&data=https://ok26-wedding-os.vercel.app/reservations?code=MK26-RGQ3T
MK26-ENB52,https://api.qrserver.com/v1/create-qr-code/?size=500x500&data=https://ok26-wedding-os.vercel.app/reservations?code=MK26-ENB52
MK26-ZYHTD,https://api.qrserver.com/v1/create-qr-code/?size=500x500&data=https://ok26-wedding-os.vercel.app/reservations?code=MK26-ZYHTD
MK26-2HD1C,https://api.qrserver.com/v1/create-qr-code/?size=500x500&data=https://ok26-wedding-os.vercel.app/reservations?code=MK26-2HD1C
MK26-E74Y4,https://api.qrserver.com/v1/create-qr-code/?size=500x500&data=https://ok26-wedding-os.vercel.app/reservations?code=MK26-E74Y4
MK26-E186A,https://api.qrserver.com/v1/create-qr-code/?size=500x500&data=https://ok26-wedding-os.vercel.app/reservations?code=MK26-E186A
MK26-ZNMHY,https://api.qrserver.com/v1/create-qr-code/?size=500x500&data=https://ok26-wedding-os.vercel.app/reservations?code=MK26-ZNMHY
MK26-XDTY8,https://api.qrserver.com/v1/create-qr-code/?size=500x500&data=https://ok26-wedding-os.vercel.app/reservations?code=MK26-XDTY8
MK26-NM611,https://api.qrserver.com/v1/create-qr-code/?size=500x500&data=https://ok26-wedding-os.vercel.app/reservations?code=MK26-NM611
MK26-EB1S1,https://api.qrserver.com/v1/create-qr-code/?size=500x500&data=https://ok26-wedding-os.vercel.app/reservations?code=MK26-EB1S1
MK26-B2CX4,https://api.qrserver.com/v1/create-qr-code/?size=500x500&data=https://ok26-wedding-os.vercel.app/reservations?code=MK26-B2CX4
MK26-H3VYZ,https://api.qrserver.com/v1/create-qr-code/?size=500x500&data=https://ok26-wedding-os.vercel.app/reservations?code=MK26-H3VYZ
MK26-2RK5G,https://api.qrserver.com/v1/create-qr-code/?size=500x500&data=https://ok26-wedding-os.vercel.app/reservations?code=MK26-2RK5G
MK26-3S7D3,https://api.qrserver.com/v1/create-qr-code/?size=500x500&data=https://ok26-wedding-os.vercel.app/reservations?code=MK26-3S7D3
